Sample,A0,A1,A2
0,535.0,317.0,200.0
1,536.0,319.0,199.0
2,541.0,319.0,200.0
3,546.0,319.0,201.0
4,550.0,318.0,206.0
5,553.0,317.0,209.0
6,553.0,314.0,211.0
7,546.0,311.0,211.0
8,548.0,306.0,207.0
9,553.0,307.0,206.0
10,557.0,314.0,209.0
11,559.0,320.0,212.0
12,558.0,325.0,214.0
13,557.0,324.0,215.0
14,553.0,321.0,215.0
15,549.0,315.0,213.0
16,538.0,315.0,208.0
17,534.0,318.0,204.0
18,538.0,319.0,202.0
19,543.0,320.0,203.0
20,547.0,320.0,204.0
21,551.0,319.0,206.0
22,553.0,317.0,209.0
23,552.0,313.0,209.0
24,546.0,310.0,206.0
25,550.0,306.0,203.0
26,554.0,309.0,204.0
27,557.0,317.0,206.0
28,558.0,321.0,209.0
29,557.0,325.0,213.0
30,555.0,324.0,213.0
31,552.0,318.0,210.0
32,545.0,314.0,208.0
33,535.0,316.0,203.0
34,535.0,319.0,201.0
35,540.0,320.0,200.0
36,544.0,320.0,201.0
37,549.0,319.0,204.0
38,552.0,317.0,206.0
39,553.0,315.0,208.0
40,548.0,312.0,207.0
41,547.0,306.0,203.0
42,552.0,306.0,201.0
43,555.0,311.0,203.0
44,558.0,317.0,206.0
45,558.0,322.0,209.0
46,557.0,324.0,211.0
47,554.0,322.0,210.0
48,550.0,315.0,209.0
49,541.0,315.0,205.0
50,534.0,317.0,202.0
51,536.0,318.0,199.0
52,541.0,319.0,199.0
53,545.0,318.0,202.0
54,550.0,317.0,204.0
55,552.0,315.0,207.0
56,552.0,313.0,210.0
57,545.0,309.0,209.0
58,548.0,305.0,205.0
59,552.0,306.0,203.0
60,556.0,312.0,205.0
61,558.0,318.0,208.0
62,557.0,323.0,209.0
63,556.0,323.0,211.0
64,552.0,319.0,211.0
65,547.0,313.0,208.0
66,537.0,314.0,204.0
67,533.0,316.0,201.0
68,537.0,318.0,199.0
69,542.0,318.0,200.0
70,546.0,317.0,202.0
71,550.0,316.0,204.0
72,553.0,313.0,206.0
73,551.0,311.0,207.0
74,545.0,306.0,204.0
75,550.0,304.0,202.0
76,554.0,307.0,202.0
77,557.0,314.0,205.0
78,557.0,320.0,208.0
79,556.0,323.0,210.0
80,554.0,322.0,210.0
81,551.0,316.0,210.0
82,544.0,312.0,207.0
83,534.0,314.0,202.0
84,534.0,317.0,199.0
85,539.0,318.0,199.0
86,543.0,317.0,200.0
87,547.0,316.0,204.0
88,551.0,315.0,207.0
89,552.0,312.0,209.0
90,547.0,309.0,210.0
91,546.0,304.0,207.0
92,551.0,304.0,205.0
93,555.0,310.0,206.0
94,557.0,316.0,209.0
95,557.0,321.0,211.0
96,556.0,324.0,214.0
97,553.0,320.0,213.0
98,549.0,314.0,211.0
99,539.0,313.0,208.0
100,533.0,316.0,203.0
101,536.0,317.0,201.0
102,540.0,319.0,202.0
103,545.0,319.0,203.0
104,549.0,317.0,205.0
105,552.0,315.0,208.0
106,553.0,312.0,208.0
107,545.0,309.0,207.0
108,548.0,304.0,204.0
109,552.0,307.0,204.0
110,555.0,312.0,205.0
111,557.0,319.0,208.0
112,556.0,322.0,211.0
113,555.0,322.0,211.0
114,552.0,319.0,210.0
115,547.0,313.0,208.0
116,536.0,314.0,203.0
117,533.0,316.0,200.0
118,537.0,317.0,198.0
119,542.0,318.0,199.0
120,546.0,317.0,201.0
121,550.0,316.0,207.0
122,552.0,314.0,210.0
123,550.0,311.0,211.0
124,544.0,305.0,209.0
125,549.0,304.0,207.0
126,554.0,308.0,205.0
127,556.0,314.0,208.0
128,557.0,320.0,211.0
129,556.0,323.0,214.0
130,554.0,322.0,214.0
131,550.0,316.0,214.0
132,543.0,313.0,211.0
133,534.0,315.0,206.0
134,534.0,317.0,203.0
135,539.0,319.0,202.0
136,543.0,318.0,203.0
137,548.0,318.0,205.0
138,551.0,316.0,207.0
139,552.0,313.0,211.0
140,546.0,310.0,210.0
141,546.0,305.0,207.0
142,551.0,306.0,205.0
143,555.0,311.0,206.0
144,556.0,317.0,210.0
145,557.0,322.0,212.0
146,556.0,324.0,213.0
147,552.0,320.0,214.0
148,548.0,314.0,212.0
149,538.0,314.0,208.0
150,533.0,317.0,204.0
151,536.0,318.0,202.0
152,541.0,319.0,202.0
153,546.0,318.0,203.0
154,549.0,317.0,205.0
155,552.0,315.0,208.0
156,552.0,313.0,208.0
157,545.0,309.0,207.0
158,549.0,305.0,203.0
159,552.0,306.0,203.0
160,556.0,313.0,206.0
161,557.0,319.0,209.0
162,556.0,323.0,210.0
163,555.0,322.0,211.0
164,551.0,318.0,211.0
165,546.0,312.0,208.0
166,536.0,315.0,205.0
167,533.0,316.0,202.0
168,539.0,318.0,200.0
169,543.0,317.0,201.0
170,547.0,318.0,204.0
171,551.0,315.0,207.0
172,553.0,313.0,209.0
173,549.0,310.0,210.0
174,546.0,305.0,207.0
175,550.0,304.0,204.0
176,554.0,308.0,205.0
177,557.0,315.0,208.0
178,557.0,320.0,211.0
179,556.0,323.0,213.0
180,554.0,321.0,212.0
181,549.0,315.0,211.0
182,542.0,313.0,208.0
183,534.0,316.0,203.0
184,535.0,317.0,201.0
185,539.0,318.0,199.0
186,544.0,318.0,202.0
187,548.0,317.0,204.0
188,551.0,316.0,207.0
189,553.0,313.0,208.0
190,546.0,310.0,207.0
191,547.0,304.0,204.0
192,552.0,306.0,203.0
193,555.0,310.0,205.0
194,557.0,318.0,207.0
195,557.0,322.0,210.0
196,556.0,322.0,211.0
197,554.0,319.0,210.0
198,549.0,314.0,208.0
199,539.0,314.0,204.0
200,534.0,316.0,200.0
201,537.0,318.0,197.0
202,541.0,318.0,198.0
203,546.0,317.0,200.0
204,550.0,316.0,204.0
205,552.0,314.0,207.0
206,552.0,311.0,210.0
207,545.0,307.0,209.0
208,549.0,303.0,205.0
209,553.0,306.0,205.0
210,556.0,312.0,206.0
211,557.0,319.0,209.0
212,557.0,322.0,212.0
213,555.0,322.0,214.0
214,551.0,317.0,212.0
215,545.0,312.0,210.0
216,536.0,314.0,206.0
217,534.0,316.0,202.0
218,538.0,317.0,201.0
219,543.0,317.0,202.0
220,547.0,316.0,204.0
221,551.0,315.0,207.0
222,552.0,313.0,207.0
223,549.0,310.0,207.0
224,546.0,304.0,202.0
225,550.0,304.0,201.0
226,554.0,308.0,203.0
227,556.0,315.0,205.0
228,557.0,320.0,209.0
229,556.0,322.0,210.0
230,553.0,320.0,209.0
231,550.0,315.0,209.0
232,542.0,312.0,205.0
233,534.0,315.0,201.0
234,535.0,317.0,198.0
235,540.0,317.0,198.0
236,544.0,317.0,200.0
237,549.0,316.0,203.0
238,552.0,314.0,206.0
239,552.0,312.0,209.0
240,545.0,309.0,208.0
241,547.0,304.0,204.0
242,551.0,305.0,203.0
243,555.0,311.0,205.0
244,558.0,318.0,207.0
245,557.0,323.0,210.0
246,555.0,323.0,211.0
247,552.0,319.0,210.0
248,549.0,314.0,208.0
249,538.0,314.0,205.0
250,533.0,317.0,201.0
251,536.0,318.0,199.0
252,541.0,319.0,199.0
253,545.0,318.0,201.0
254,550.0,317.0,205.0
255,552.0,315.0,207.0
256,551.0,312.0,208.0
257,544.0,308.0,205.0
258,549.0,306.0,203.0
259,553.0,308.0,202.0
260,556.0,315.0,205.0
261,557.0,320.0,208.0
262,556.0,324.0,210.0
263,554.0,324.0,211.0
264,551.0,318.0,210.0
265,545.0,314.0,207.0
266,536.0,316.0,203.0
267,533.0,318.0,200.0
268,538.0,319.0,199.0
269,543.0,319.0,200.0
270,547.0,319.0,204.0
271,550.0,317.0,207.0
272,552.0,315.0,209.0
273,548.0,312.0,210.0
274,546.0,306.0,206.0
275,549.0,306.0,204.0
276,554.0,310.0,204.0
277,557.0,317.0,207.0
278,557.0,322.0,209.0
279,555.0,323.0,211.0
280,553.0,321.0,211.0
281,549.0,316.0,209.0
282,541.0,314.0,206.0
283,533.0,317.0,201.0
284,535.0,318.0,200.0
285,539.0,319.0,199.0
286,544.0,318.0,200.0
287,549.0,318.0,203.0
288,552.0,317.0,207.0
289,552.0,313.0,207.0
290,545.0,310.0,206.0
291,547.0,306.0,204.0
292,552.0,307.0,202.0
293,555.0,312.0,204.0
294,557.0,318.0,207.0
295,557.0,323.0,209.0
296,555.0,324.0,211.0
297,552.0,320.0,211.0
298,548.0,314.0,209.0
299,537.0,315.0,206.0
300,532.0,317.0,202.0
301,536.0,318.0,200.0
302,541.0,319.0,201.0
303,546.0,318.0,202.0
304,550.0,316.0,206.0
305,552.0,314.0,209.0
306,551.0,311.0,209.0
307,544.0,308.0,207.0
308,548.0,305.0,204.0
309,553.0,308.0,205.0
310,556.0,315.0,208.0
311,557.0,320.0,210.0
312,557.0,324.0,213.0
313,554.0,323.0,214.0
314,550.0,317.0,212.0
315,544.0,313.0,209.0
316,534.0,316.0,204.0
317,534.0,318.0,201.0
318,538.0,319.0,200.0
319,542.0,318.0,201.0
320,548.0,318.0,205.0
321,551.0,316.0,206.0
322,553.0,314.0,207.0
323,547.0,311.0,207.0
324,545.0,306.0,203.0
325,550.0,305.0,202.0
326,554.0,311.0,203.0
327,557.0,317.0,205.0
328,556.0,322.0,209.0
329,555.0,324.0,210.0
330,552.0,321.0,210.0
331,549.0,316.0,207.0
332,540.0,314.0,205.0
333,534.0,317.0,200.0
334,535.0,319.0,198.0
335,539.0,319.0,198.0
336,544.0,320.0,200.0
337,548.0,318.0,203.0
338,551.0,317.0,207.0
339,552.0,314.0,209.0
340,545.0,310.0,208.0
341,547.0,305.0,204.0
342,551.0,307.0,203.0
343,556.0,313.0,205.0
344,556.0,320.0,208.0
345,557.0,323.0,211.0
346,554.0,324.0,212.0
347,551.0,320.0,212.0
348,547.0,314.0,209.0
349,536.0,315.0,205.0
350,532.0,318.0,201.0
351,536.0,319.0,200.0
352,541.0,318.0,201.0
353,545.0,319.0,203.0
354,549.0,317.0,207.0
355,551.0,315.0,210.0
356,551.0,312.0,212.0
357,544.0,308.0,210.0
358,548.0,305.0,207.0
359,553.0,308.0,207.0
360,556.0,314.0,209.0
361,556.0,321.0,212.0
362,555.0,323.0,214.0
363,554.0,322.0,214.0
364,550.0,316.0,213.0
365,543.0,313.0,210.0
366,534.0,315.0,206.0
367,533.0,317.0,203.0
368,538.0,318.0,201.0
369,542.0,318.0,202.0
370,547.0,317.0,205.0
371,551.0,315.0,206.0
372,552.0,313.0,209.0
373,546.0,309.0,210.0
374,545.0,304.0,207.0
375,550.0,304.0,205.0
376,554.0,309.0,206.0
377,556.0,316.0,209.0
378,557.0,321.0,212.0
379,556.0,323.0,213.0
380,552.0,320.0,213.0
381,548.0,314.0,212.0
382,539.0,312.0,209.0
383,532.0,315.0,203.0
384,535.0,317.0,202.0
385,539.0,317.0,201.0
386,544.0,317.0,204.0
387,549.0,315.0,207.0
388,551.0,314.0,209.0
389,551.0,311.0,210.0
390,544.0,308.0,208.0
391,547.0,303.0,204.0
392,552.0,305.0,203.0
393,556.0,311.0,206.0
394,556.0,317.0,209.0
395,556.0,321.0,212.0
396,554.0,321.0,213.0
397,552.0,317.0,212.0
398,547.0,312.0,209.0
399,536.0,313.0,205.0
400,533.0,316.0,201.0
401,537.0,317.0,201.0
402,541.0,317.0,200.0
403,546.0,317.0,202.0
404,550.0,315.0,207.0
405,551.0,313.0,210.0
406,550.0,310.0,212.0
407,544.0,306.0,210.0
408,549.0,304.0,206.0
409,553.0,308.0,206.0
410,556.0,314.0,208.0
411,556.0,320.0,211.0
412,556.0,322.0,213.0
413,553.0,321.0,214.0
414,549.0,316.0,213.0
415,543.0,312.0,210.0
416,535.0,314.0,205.0
417,535.0,316.0,202.0
418,538.0,318.0,200.0
419,544.0,318.0,201.0
420,547.0,317.0,204.0
421,551.0,315.0,207.0
422,552.0,313.0,210.0
423,546.0,310.0,211.0
424,546.0,305.0,208.0
425,550.0,306.0,206.0
426,554.0,310.0,207.0
427,557.0,317.0,210.0
428,557.0,322.0,212.0
429,555.0,323.0,214.0
430,552.0,320.0,214.0
431,548.0,314.0,213.0
432,539.0,313.0,209.0
433,533.0,316.0,205.0
434,536.0,317.0,203.0
435,541.0,318.0,202.0
436,545.0,318.0,204.0
437,549.0,316.0,206.0
438,551.0,315.0,208.0
439,551.0,312.0,210.0
440,545.0,308.0,208.0
441,548.0,304.0,204.0
442,552.0,307.0,204.0
443,555.0,313.0,208.0
444,557.0,319.0,209.0
445,557.0,322.0,212.0
446,555.0,323.0,212.0
447,551.0,318.0,211.0
448,546.0,313.0,209.0
449,536.0,315.0,204.0
450,533.0,317.0,201.0
451,537.0,318.0,199.0
452,542.0,319.0,200.0
453,546.0,317.0,203.0
454,550.0,316.0,204.0
455,552.0,314.0,206.0
456,550.0,311.0,205.0
457,545.0,306.0,202.0
458,549.0,304.0,199.0
459,554.0,307.0,200.0
460,556.0,315.0,203.0
461,557.0,321.0,206.0
462,556.0,324.0,208.0
463,553.0,321.0,208.0
464,551.0,315.0,206.0
465,543.0,313.0,203.0
466,534.0,315.0,199.0
467,535.0,318.0,196.0
468,540.0,318.0,197.0
469,544.0,319.0,198.0
470,548.0,317.0,204.0
471,552.0,315.0,208.0
472,552.0,313.0,211.0
473,547.0,310.0,211.0
474,546.0,305.0,209.0
475,551.0,305.0,206.0
476,555.0,311.0,207.0
477,557.0,318.0,210.0
478,557.0,322.0,213.0
479,555.0,323.0,216.0
480,553.0,320.0,214.0
481,548.0,315.0,212.0
482,538.0,314.0,209.0
483,534.0,317.0,204.0
484,537.0,318.0,202.0
485,541.0,318.0,202.0
486,545.0,318.0,203.0
487,550.0,317.0,206.0
488,552.0,315.0,208.0
489,552.0,313.0,208.0
490,544.0,308.0,205.0
491,548.0,304.0,204.0
492,552.0,307.0,204.0
493,555.0,314.0,206.0
494,557.0,320.0,208.0
495,557.0,324.0,211.0
496,555.0,324.0,211.0
497,551.0,320.0,210.0
498,545.0,314.0,207.0
499,535.0,316.0,203.0
500,534.0,318.0,201.0
501,538.0,320.0,199.0
502,542.0,320.0,201.0
503,547.0,319.0,204.0
504,550.0,318.0,207.0
505,552.0,315.0,209.0
506,549.0,313.0,210.0
507,545.0,308.0,207.0
508,549.0,306.0,205.0
509,553.0,310.0,205.0
510,556.0,317.0,208.0
511,556.0,323.0,210.0
512,556.0,326.0,212.0
513,553.0,323.0,213.0
514,550.0,317.0,211.0
515,541.0,315.0,208.0
516,534.0,317.0,204.0
517,534.0,319.0,201.0
518,539.0,320.0,201.0
519,544.0,320.0,203.0
520,549.0,319.0,207.0
521,551.0,318.0,210.0
522,552.0,315.0,213.0
523,546.0,312.0,213.0
524,547.0,306.0,211.0
525,551.0,307.0,209.0
526,555.0,313.0,211.0
527,557.0,320.0,214.0
528,557.0,324.0,216.0
529,556.0,325.0,217.0
530,552.0,322.0,218.0
531,547.0,316.0,215.0
532,538.0,315.0,212.0
533,533.0,319.0,207.0
534,536.0,320.0,206.0
535,541.0,321.0,205.0
536,545.0,319.0,207.0
537,549.0,318.0,209.0
538,551.0,316.0,210.0
539,551.0,314.0,211.0
540,544.0,310.0,208.0
541,548.0,306.0,206.0
542,552.0,309.0,206.0
543,555.0,316.0,208.0
544,557.0,321.0,211.0
545,556.0,325.0,214.0
546,554.0,325.0,215.0
547,550.0,319.0,213.0
548,545.0,315.0,210.0
549,535.0,317.0,207.0
550,533.0,319.0,202.0
551,538.0,320.0,201.0
552,543.0,321.0,202.0
553,547.0,320.0,205.0
554,551.0,318.0,208.0
555,552.0,315.0,211.0
556,549.0,313.0,211.0
557,546.0,307.0,207.0
558,550.0,306.0,206.0
559,554.0,312.0,206.0
560,556.0,318.0,208.0
561,557.0,323.0,211.0
562,556.0,326.0,213.0
563,553.0,323.0,214.0
564,550.0,316.0,211.0
565,541.0,315.0,207.0
566,534.0,318.0,204.0
567,535.0,319.0,201.0
568,540.0,321.0,202.0
569,544.0,320.0,205.0
570,548.0,319.0,208.0
571,552.0,317.0,209.0
572,552.0,315.0,210.0
573,545.0,312.0,208.0
574,547.0,307.0,205.0
575,551.0,307.0,205.0
576,555.0,314.0,206.0
577,557.0,320.0,209.0
578,557.0,324.0,211.0
579,555.0,325.0,213.0
580,552.0,321.0,213.0
581,547.0,315.0,209.0
582,537.0,315.0,205.0
583,533.0,318.0,202.0
584,537.0,319.0,201.0
585,542.0,320.0,201.0
586,546.0,319.0,203.0
587,550.0,318.0,206.0
588,552.0,316.0,208.0
589,552.0,313.0,208.0
590,544.0,309.0,205.0
591,549.0,305.0,202.0
592,553.0,309.0,203.0
593,556.0,316.0,205.0
594,557.0,321.0,208.0
595,557.0,325.0,210.0
596,554.0,324.0,211.0
597,551.0,319.0,209.0
598,545.0,314.0,206.0
599,535.0,316.0,202.0
600,533.0,318.0,199.0
601,538.0,319.0,199.0
602,543.0,319.0,200.0
603,547.0,319.0,204.0
604,551.0,316.0,209.0
605,552.0,315.0,212.0
606,548.0,312.0,214.0
607,546.0,306.0,211.0
608,550.0,306.0,208.0
609,554.0,311.0,208.0
610,557.0,317.0,211.0
611,557.0,322.0,214.0
612,556.0,325.0,216.0
613,553.0,322.0,216.0
614,549.0,316.0,215.0
615,540.0,315.0,211.0
616,533.0,318.0,206.0
617,535.0,319.0,204.0
618,540.0,319.0,203.0
619,545.0,319.0,204.0
620,549.0,318.0,206.0
621,551.0,317.0,210.0
622,552.0,313.0,213.0
623,545.0,310.0,211.0
624,547.0,305.0,208.0
625,552.0,307.0,207.0
626,555.0,313.0,209.0
627,557.0,319.0,211.0
628,557.0,324.0,214.0
629,555.0,324.0,215.0
630,553.0,319.0,215.0
631,547.0,315.0,212.0
632,537.0,315.0,208.0
633,533.0,317.0,204.0
634,537.0,319.0,201.0
635,541.0,319.0,201.0
636,546.0,318.0,204.0
637,551.0,317.0,206.0
638,552.0,315.0,207.0
639,550.0,312.0,207.0
640,545.0,307.0,204.0
641,549.0,305.0,201.0
642,553.0,308.0,203.0
643,556.0,315.0,206.0
644,557.0,320.0,208.0
645,556.0,323.0,211.0
646,554.0,322.0,211.0
647,551.0,316.0,210.0
648,543.0,313.0,206.0
649,534.0,315.0,202.0
650,534.0,317.0,199.0
651,539.0,318.0,199.0
652,543.0,318.0,200.0
653,548.0,317.0,205.0
654,552.0,316.0,209.0
655,552.0,313.0,212.0
656,547.0,310.0,213.0
657,546.0,305.0,211.0
658,551.0,305.0,208.0
659,555.0,310.0,209.0
660,557.0,316.0,211.0
661,557.0,321.0,214.0
662,555.0,323.0,215.0
663,553.0,321.0,215.0
664,549.0,314.0,213.0
665,539.0,312.0,210.0
666,533.0,315.0,206.0
667,536.0,317.0,203.0
668,540.0,318.0,203.0
669,545.0,317.0,204.0
670,549.0,316.0,206.0
671,551.0,314.0,208.0
672,553.0,312.0,211.0
673,545.0,309.0,210.0
674,547.0,304.0,207.0
675,552.0,306.0,205.0
676,556.0,312.0,208.0
677,557.0,318.0,210.0
678,557.0,322.0,213.0
679,555.0,322.0,213.0
680,552.0,318.0,212.0
681,547.0,313.0,211.0
682,537.0,314.0,206.0
683,533.0,317.0,203.0
684,537.0,318.0,201.0
685,542.0,318.0,201.0
686,546.0,318.0,206.0
687,551.0,316.0,209.0
688,553.0,314.0,212.0
689,551.0,312.0,213.0
690,545.0,306.0,211.0
691,549.0,304.0,207.0
692,554.0,308.0,207.0
693,557.0,315.0,210.0
694,557.0,321.0,214.0
695,557.0,323.0,216.0
696,555.0,322.0,216.0
697,550.0,316.0,216.0
698,543.0,313.0,212.0
699,534.0,315.0,208.0
700,534.0,318.0,204.0
701,539.0,318.0,203.0
702,544.0,318.0,204.0
703,548.0,317.0,205.0
704,551.0,315.0,209.0
705,553.0,313.0,209.0
706,547.0,311.0,207.0
707,546.0,306.0,204.0
708,551.0,305.0,203.0
709,555.0,311.0,204.0
710,557.0,317.0,207.0
711,558.0,322.0,210.0
712,555.0,323.0,211.0
713,553.0,320.0,211.0
714,549.0,314.0,209.0
715,539.0,313.0,205.0
716,533.0,316.0,201.0
717,536.0,318.0,199.0
718,541.0,318.0,199.0
719,545.0,318.0,200.0
720,550.0,317.0,204.0
721,553.0,314.0,206.0
722,552.0,312.0,207.0
723,545.0,308.0,205.0
724,548.0,305.0,202.0
725,552.0,307.0,202.0
726,555.0,313.0,205.0
727,557.0,319.0,207.0
728,556.0,323.0,209.0
729,554.0,323.0,210.0
730,551.0,318.0,210.0
731,546.0,313.0,207.0
732,536.0,314.0,203.0
733,533.0,317.0,199.0
734,538.0,318.0,199.0
735,542.0,318.0,200.0
736,547.0,318.0,204.0
737,551.0,317.0,208.0
738,552.0,314.0,212.0
739,549.0,311.0,214.0
740,545.0,306.0,212.0
741,549.0,305.0,208.0
742,554.0,308.0,209.0
743,556.0,315.0,211.0
744,557.0,321.0,214.0
745,556.0,323.0,215.0
746,554.0,321.0,215.0
747,550.0,315.0,214.0
748,543.0,312.0,211.0
749,534.0,315.0,207.0
750,534.0,318.0,203.0
751,539.0,319.0,202.0
752,544.0,318.0,204.0
753,548.0,317.0,206.0
754,552.0,315.0,207.0
755,552.0,313.0,208.0
756,546.0,309.0,206.0
757,547.0,304.0,204.0
758,551.0,304.0,202.0
759,555.0,310.0,204.0
760,557.0,316.0,207.0
761,557.0,321.0,209.0
762,555.0,323.0,211.0
763,553.0,319.0,210.0
764,549.0,314.0,208.0
765,538.0,313.0,205.0
766,534.0,316.0,200.0
767,536.0,318.0,198.0
768,541.0,317.0,199.0
769,546.0,317.0,200.0
770,550.0,316.0,205.0
771,552.0,314.0,208.0
772,552.0,311.0,210.0
773,545.0,307.0,209.0
774,548.0,304.0,206.0
775,552.0,306.0,206.0
776,556.0,313.0,207.0
777,557.0,319.0,211.0
778,556.0,322.0,213.0
779,555.0,321.0,214.0
780,551.0,317.0,213.0
781,545.0,312.0,210.0
782,536.0,314.0,207.0
783,534.0,317.0,202.0
784,538.0,317.0,201.0
785,543.0,318.0,202.0
786,547.0,318.0,204.0
787,551.0,315.0,208.0
788,552.0,313.0,211.0
789,550.0,310.0,212.0
790,546.0,305.0,208.0
791,550.0,304.0,206.0
792,554.0,309.0,206.0
793,557.0,315.0,210.0
794,557.0,321.0,212.0
795,556.0,323.0,214.0
796,554.0,320.0,214.0
797,550.0,315.0,213.0
798,542.0,312.0,210.0
799,534.0,315.0,205.0
800,535.0,317.0,203.0
801,540.0,317.0,202.0
802,544.0,317.0,203.0
803,548.0,316.0,205.0
804,551.0,314.0,207.0
805,552.0,312.0,207.0
806,545.0,308.0,205.0
807,548.0,303.0,202.0
808,552.0,304.0,202.0
809,555.0,311.0,204.0
810,557.0,316.0,207.0
811,556.0,322.0,209.0
812,555.0,322.0,210.0
813,552.0,318.0,210.0
814,548.0,313.0,208.0
815,538.0,312.0,204.0
816,533.0,315.0,201.0
817,537.0,318.0,199.0
818,541.0,318.0,199.0
819,546.0,317.0,202.0
820,550.0,315.0,205.0
821,552.0,313.0,209.0
822,551.0,311.0,210.0
823,545.0,307.0,208.0
824,549.0,303.0,205.0
825,553.0,307.0,204.0
826,556.0,313.0,207.0
827,557.0,320.0,210.0
828,556.0,322.0,212.0
829,555.0,322.0,212.0
830,552.0,317.0,212.0
831,545.0,313.0,208.0
832,535.0,314.0,203.0
833,533.0,317.0,200.0
834,538.0,318.0,200.0
835,542.0,318.0,201.0
836,546.0,318.0,205.0
837,551.0,316.0,207.0
838,552.0,314.0,208.0
839,548.0,310.0,207.0
840,545.0,305.0,204.0
841,549.0,305.0,202.0
842,554.0,309.0,203.0
843,556.0,317.0,206.0
844,557.0,322.0,209.0
845,556.0,324.0,210.0
846,553.0,322.0,211.0
847,549.0,316.0,209.0
848,541.0,314.0,206.0
849,533.0,317.0,201.0
850,535.0,318.0,198.0
851,539.0,319.0,197.0
852,544.0,319.0,199.0
853,548.0,317.0,202.0
854,551.0,317.0,206.0
855,552.0,313.0,208.0
856,545.0,310.0,207.0
857,546.0,305.0,203.0
858,552.0,307.0,201.0
859,555.0,312.0,204.0
860,556.0,319.0,207.0
861,557.0,324.0,208.0
862,554.0,324.0,210.0
863,553.0,321.0,210.0
864,547.0,315.0,207.0
865,537.0,315.0,203.0
866,533.0,318.0,199.0
867,537.0,319.0,198.0
868,541.0,319.0,199.0
869,546.0,319.0,201.0
870,550.0,318.0,204.0
871,552.0,316.0,207.0
872,551.0,313.0,208.0
873,544.0,309.0,205.0
874,548.0,306.0,203.0
875,552.0,309.0,203.0
876,556.0,316.0,205.0
877,556.0,322.0,208.0
878,556.0,325.0,211.0
879,554.0,324.0,211.0
880,551.0,320.0,210.0
881,544.0,315.0,207.0
882,534.0,318.0,202.0
883,533.0,319.0,200.0
884,539.0,321.0,199.0
885,543.0,320.0,200.0
886,547.0,320.0,203.0
887,551.0,318.0,205.0
888,552.0,316.0,209.0
889,548.0,313.0,209.0
890,545.0,308.0,206.0
891,550.0,307.0,202.0
892,555.0,311.0,204.0
893,556.0,318.0,207.0
894,556.0,324.0,209.0
895,555.0,326.0,211.0
896,553.0,323.0,211.0
897,549.0,317.0,210.0
898,540.0,315.0,207.0
899,533.0,317.0,203.0
900,535.0,320.0,200.0
901,540.0,320.0,199.0
902,544.0,319.0,201.0
903,549.0,319.0,205.0
904,552.0,317.0,207.0
905,552.0,314.0,208.0
906,545.0,311.0,206.0
907,547.0,306.0,202.0
908,552.0,307.0,202.0
909,555.0,313.0,205.0
910,557.0,319.0,207.0
911,557.0,324.0,210.0
912,555.0,324.0,211.0
913,551.0,320.0,210.0
914,547.0,315.0,208.0
915,537.0,315.0,203.0
916,533.0,318.0,200.0
917,537.0,320.0,199.0
918,542.0,320.0,199.0
919,547.0,319.0,203.0
920,551.0,317.0,205.0
921,553.0,315.0,207.0
922,551.0,312.0,207.0
923,545.0,308.0,204.0
924,549.0,306.0,201.0
925,553.0,309.0,201.0
926,556.0,315.0,204.0
927,557.0,321.0,207.0
928,556.0,324.0,209.0
929,554.0,324.0,209.0
930,550.0,318.0,208.0
931,543.0,313.0,205.0
932,535.0,317.0,201.0
933,534.0,318.0,198.0
934,538.0,319.0,197.0
935,543.0,320.0,199.0
936,548.0,318.0,201.0
937,552.0,316.0,206.0
938,552.0,314.0,209.0
939,548.0,312.0,210.0
940,546.0,306.0,208.0
941,550.0,306.0,206.0
942,554.0,310.0,206.0
943,557.0,317.0,209.0
944,557.0,322.0,211.0
945,556.0,323.0,212.0
946,553.0,321.0,213.0
947,549.0,315.0,211.0
948,540.0,315.0,208.0
949,533.0,316.0,203.0
950,536.0,319.0,201.0
951,541.0,319.0,201.0
952,546.0,318.0,202.0
953,549.0,317.0,206.0
954,551.0,315.0,208.0
955,552.0,312.0,211.0
956,544.0,309.0,211.0
957,547.0,304.0,206.0
958,552.0,307.0,206.0
959,556.0,313.0,209.0
960,557.0,319.0,211.0
961,557.0,324.0,214.0
962,555.0,323.0,216.0
963,552.0,318.0,214.0
964,546.0,313.0,212.0
965,537.0,314.0,208.0
966,533.0,316.0,205.0
967,538.0,318.0,203.0
968,542.0,318.0,203.0
969,546.0,317.0,205.0
970,550.0,315.0,207.0
971,552.0,313.0,209.0
972,550.0,310.0,209.0
973,544.0,305.0,206.0
974,549.0,304.0,203.0
975,554.0,307.0,204.0
976,556.0,314.0,206.0
977,557.0,319.0,209.0
978,556.0,322.0,212.0
979,554.0,321.0,212.0
980,551.0,315.0,210.0
981,543.0,312.0,209.0
982,534.0,314.0,204.0
983,534.0,316.0,200.0
984,538.0,317.0,199.0
985,543.0,317.0,200.0
986,547.0,316.0,203.0
987,551.0,314.0,206.0
988,552.0,312.0,207.0
989,546.0,308.0,206.0
990,546.0,303.0,203.0
991,551.0,304.0,201.0
992,554.0,310.0,203.0
993,556.0,316.0,206.0
994,556.0,320.0,209.0
995,556.0,322.0,211.0
996,552.0,319.0,210.0
997,549.0,314.0,208.0
998,539.0,313.0,204.0
999,533.0,315.0,201.0
1000,536.0,317.0,199.0
1001,541.0,318.0,200.0
1002,545.0,317.0,202.0
1003,550.0,316.0,207.0
1004,552.0,315.0,211.0
1005,552.0,311.0,213.0
1006,545.0,308.0,212.0
1007,547.0,303.0,208.0
1008,552.0,305.0,207.0
1009,555.0,312.0,210.0
1010,556.0,319.0,213.0
1011,556.0,322.0,215.0
1012,555.0,322.0,217.0
1013,551.0,317.0,216.0
1014,545.0,313.0,215.0
1015,536.0,314.0,210.0
1016,533.0,317.0,208.0
1017,537.0,318.0,205.0
1018,542.0,318.0,205.0
1019,546.0,317.0,208.0
1020,550.0,316.0,210.0
1021,552.0,314.0,211.0
1022,549.0,311.0,211.0
1023,545.0,306.0,208.0
1024,549.0,304.0,206.0
1025,554.0,308.0,206.0
1026,556.0,315.0,209.0
1027,557.0,320.0,212.0
1028,556.0,323.0,214.0
1029,554.0,321.0,214.0
1030,550.0,315.0,212.0
1031,542.0,314.0,209.0
1032,534.0,315.0,205.0
1033,534.0,318.0,203.0
1034,539.0,318.0,202.0
1035,543.0,319.0,204.0
1036,548.0,317.0,207.0
1037,551.0,316.0,209.0
1038,553.0,313.0,211.0
1039,546.0,310.0,210.0
1040,546.0,305.0,207.0
1041,550.0,306.0,205.0
1042,555.0,311.0,207.0
1043,557.0,318.0,210.0
1044,557.0,323.0,212.0
1045,555.0,323.0,213.0
1046,552.0,320.0,213.0
1047,548.0,314.0,210.0
1048,538.0,313.0,206.0
1049,533.0,316.0,203.0
1050,536.0,318.0,202.0
1051,540.0,319.0,201.0
1052,545.0,319.0,204.0
1053,549.0,317.0,207.0
1054,552.0,315.0,208.0
1055,552.0,312.0,210.0
1056,545.0,308.0,209.0
1057,548.0,304.0,205.0
1058,552.0,307.0,205.0
1059,556.0,313.0,207.0
1060,557.0,319.0,209.0
1061,557.0,323.0,212.0
1062,554.0,323.0,213.0
1063,551.0,318.0,212.0
1064,545.0,313.0,209.0
1065,536.0,315.0,205.0
1066,533.0,318.0,200.0
1067,537.0,319.0,199.0
1068,542.0,319.0,200.0
1069,547.0,318.0,203.0
1070,550.0,316.0,205.0
1071,553.0,314.0,207.0
1072,550.0,311.0,207.0
1073,545.0,306.0,205.0
1074,549.0,305.0,202.0
1075,554.0,309.0,203.0
1076,557.0,316.0,205.0
1077,557.0,321.0,208.0
1078,556.0,323.0,210.0
1079,553.0,322.0,210.0
1080,549.0,316.0,208.0
1081,541.0,313.0,205.0
1082,534.0,316.0,200.0
1083,535.0,318.0,199.0
1084,540.0,319.0,198.0
1085,544.0,319.0,200.0
1086,549.0,318.0,203.0
1087,551.0,316.0,206.0
1088,552.0,313.0,207.0
1089,545.0,311.0,207.0
1090,546.0,305.0,203.0
1091,551.0,306.0,201.0
1092,555.0,311.0,203.0
1093,557.0,318.0,207.0
1094,556.0,323.0,209.0
1095,555.0,324.0,210.0
1096,552.0,320.0,210.0
1097,548.0,315.0,208.0
1098,537.0,314.0,204.0
1099,533.0,317.0,200.0
1100,536.0,319.0,199.0
1101,541.0,319.0,199.0
1102,545.0,319.0,201.0
1103,549.0,317.0,204.0
1104,551.0,315.0,207.0
1105,551.0,313.0,208.0
1106,544.0,309.0,205.0
1107,549.0,305.0,202.0
1108,553.0,308.0,202.0
1109,555.0,314.0,205.0
1110,557.0,320.0,208.0
1111,556.0,324.0,210.0
1112,554.0,323.0,211.0
1113,551.0,318.0,209.0
1114,545.0,314.0,206.0
1115,535.0,315.0,203.0
1116,533.0,317.0,200.0
1117,538.0,319.0,199.0
1118,542.0,319.0,201.0
1119,547.0,318.0,204.0
1120,550.0,317.0,208.0
1121,552.0,314.0,211.0
1122,549.0,311.0,212.0
1123,545.0,305.0,208.0
1124,549.0,305.0,206.0
1125,553.0,309.0,208.0
1126,556.0,316.0,210.0
1127,557.0,322.0,213.0
1128,556.0,324.0,215.0
1129,553.0,322.0,215.0
1130,549.0,316.0,214.0
1131,540.0,313.0,211.0
1132,533.0,316.0,206.0
1133,536.0,318.0,203.0
1134,540.0,319.0,202.0
1135,544.0,318.0,203.0
1136,548.0,317.0,206.0
1137,552.0,315.0,208.0
1138,552.0,313.0,208.0
1139,545.0,310.0,206.0
1140,548.0,305.0,202.0
1141,551.0,307.0,202.0
1142,555.0,312.0,204.0
1143,556.0,319.0,206.0
1144,557.0,323.0,208.0
1145,555.0,324.0,209.0
1146,552.0,319.0,208.0
1147,547.0,314.0,207.0
1148,538.0,315.0,202.0
1149,534.0,317.0,198.0
1150,537.0,319.0,197.0
1151,542.0,319.0,197.0
1152,546.0,319.0,200.0
1153,550.0,318.0,204.0
1154,552.0,315.0,208.0
1155,551.0,313.0,209.0
1156,545.0,308.0,208.0
1157,549.0,305.0,204.0
1158,553.0,308.0,204.0
1159,556.0,314.0,207.0
1160,557.0,320.0,209.0
1161,556.0,324.0,212.0
1162,554.0,323.0,213.0
1163,551.0,317.0,213.0
1164,544.0,313.0,210.0
1165,535.0,316.0,206.0
1166,534.0,318.0,202.0
1167,538.0,319.0,202.0
1168,543.0,319.0,202.0
1169,548.0,318.0,204.0
1170,552.0,316.0,209.0
1171,552.0,313.0,211.0
1172,548.0,311.0,213.0
1173,545.0,305.0,210.0
1174,551.0,305.0,207.0
1175,554.0,309.0,208.0
1176,557.0,317.0,210.0
1177,557.0,321.0,214.0
1178,556.0,324.0,216.0
1179,553.0,321.0,215.0
1180,549.0,315.0,214.0
1181,540.0,313.0,211.0
1182,533.0,317.0,207.0
1183,536.0,318.0,203.0
1184,540.0,318.0,203.0
1185,545.0,318.0,204.0
1186,549.0,317.0,206.0
1187,551.0,315.0,209.0
1188,552.0,313.0,209.0
1189,545.0,309.0,206.0
1190,547.0,305.0,204.0
1191,551.0,306.0,203.0
1192,555.0,312.0,205.0
1193,557.0,318.0,208.0
1194,556.0,323.0,211.0
1195,555.0,323.0,213.0
1196,552.0,319.0,211.0
1197,548.0,314.0,209.0
1198,537.0,315.0,205.0
1199,533.0,317.0,202.0
1200,536.0,318.0,199.0
1201,541.0,319.0,200.0
1202,546.0,318.0,203.0
1203,550.0,317.0,206.0
1204,552.0,315.0,208.0
1205,551.0,311.0,209.0
1206,545.0,307.0,207.0
1207,548.0,305.0,203.0
1208,553.0,308.0,204.0
1209,555.0,315.0,207.0
1210,557.0,321.0,210.0
1211,556.0,324.0,211.0
1212,554.0,322.0,212.0
1213,550.0,316.0,210.0
1214,544.0,313.0,208.0
1215,534.0,315.0,204.0
1216,534.0,318.0,201.0
1217,539.0,319.0,199.0
1218,543.0,319.0,201.0
1219,547.0,317.0,205.0
1220,551.0,315.0,208.0
1221,552.0,313.0,211.0
1222,547.0,311.0,211.0
1223,546.0,305.0,209.0
1224,551.0,305.0,206.0
1225,554.0,310.0,207.0
1226,556.0,317.0,210.0
1227,557.0,322.0,212.0
1228,555.0,323.0,214.0
1229,553.0,321.0,214.0
1230,550.0,314.0,212.0
1231,540.0,313.0,209.0
1232,534.0,316.0,205.0
1233,535.0,318.0,203.0
1234,540.0,318.0,202.0
1235,544.0,318.0,204.0
1236,549.0,317.0,206.0
1237,552.0,315.0,209.0
1238,552.0,312.0,212.0
1239,545.0,309.0,211.0
1240,547.0,305.0,207.0
1241,551.0,305.0,206.0
1242,555.0,312.0,208.0
1243,557.0,318.0,211.0
1244,556.0,322.0,215.0
1245,555.0,322.0,214.0
1246,552.0,319.0,214.0
1247,547.0,313.0,213.0
1248,536.0,314.0,208.0
1249,532.0,316.0,204.0
1250,537.0,318.0,203.0
1251,541.0,319.0,203.0
1252,546.0,317.0,205.0
1253,550.0,315.0,207.0
1254,551.0,313.0,209.0
1255,550.0,310.0,209.0
1256,544.0,305.0,206.0
1257,549.0,304.0,203.0
1258,553.0,307.0,204.0
1259,556.0,314.0,207.0
1260,557.0,320.0,210.0
1261,556.0,323.0,211.0
1262,553.0,321.0,213.0
1263,550.0,316.0,210.0
1264,543.0,313.0,208.0
1265,534.0,315.0,203.0
1266,533.0,317.0,201.0
1267,539.0,318.0,199.0
1268,543.0,317.0,202.0
1269,548.0,317.0,204.0
1270,550.0,315.0,206.0
1271,551.0,313.0,208.0
1272,547.0,309.0,208.0
1273,545.0,304.0,204.0
1274,550.0,305.0,203.0
1275,554.0,310.0,204.0
1276,557.0,317.0,208.0
1277,557.0,321.0,209.0
1278,555.0,323.0,210.0
1279,552.0,320.0,211.0
1280,548.0,314.0,208.0
1281,538.0,314.0,205.0
1282,532.0,316.0,201.0
1283,535.0,317.0,198.0
1284,540.0,318.0,198.0
1285,544.0,318.0,200.0
1286,549.0,317.0,203.0
1287,551.0,314.0,206.0
1288,551.0,312.0,209.0
1289,544.0,308.0,209.0
1290,547.0,304.0,205.0
1291,552.0,306.0,204.0
1292,555.0,313.0,206.0
1293,557.0,319.0,209.0
1294,556.0,322.0,211.0
1295,554.0,322.0,212.0
1296,551.0,319.0,212.0
1297,545.0,313.0,210.0
1298,535.0,314.0,206.0
1299,533.0,316.0,201.0
1300,537.0,318.0,200.0
1301,541.0,318.0,201.0
1302,546.0,317.0,203.0
1303,550.0,315.0,205.0
1304,551.0,313.0,207.0
1305,550.0,311.0,206.0
1306,544.0,306.0,203.0
1307,548.0,304.0,201.0
1308,554.0,308.0,202.0
1309,556.0,315.0,205.0
1310,556.0,320.0,208.0
1311,555.0,323.0,209.0
1312,553.0,321.0,210.0
1313,549.0,316.0,209.0
1314,542.0,313.0,205.0
1315,533.0,316.0,201.0
1316,534.0,317.0,198.0
1317,539.0,318.0,198.0
1318,543.0,318.0,200.0
1319,548.0,317.0,202.0
1320,551.0,316.0,205.0
1321,552.0,314.0,206.0
1322,546.0,310.0,205.0
1323,546.0,305.0,201.0
1324,550.0,305.0,201.0
1325,554.0,312.0,202.0
1326,556.0,318.0,204.0
1327,556.0,322.0,208.0
1328,555.0,323.0,208.0
1329,552.0,320.0,208.0
1330,549.0,314.0,206.0
1331,538.0,313.0,202.0
1332,532.0,317.0,198.0
1333,536.0,319.0,197.0
1334,540.0,319.0,197.0
1335,545.0,318.0,200.0
1336,549.0,316.0,204.0
1337,551.0,315.0,206.0
1338,551.0,311.0,209.0
1339,544.0,308.0,209.0
1340,547.0,305.0,206.0
1341,553.0,307.0,204.0
1342,555.0,314.0,206.0
1343,556.0,319.0,208.0
1344,556.0,323.0,211.0
1345,554.0,323.0,212.0
1346,551.0,318.0,212.0
1347,544.0,313.0,208.0
1348,535.0,315.0,204.0
1349,533.0,318.0,200.0
1350,538.0,318.0,199.0
1351,542.0,319.0,198.0
1352,546.0,319.0,202.0
1353,550.0,317.0,204.0
1354,552.0,314.0,205.0
1355,549.0,311.0,204.0
1356,544.0,306.0,200.0
1357,550.0,305.0,198.0
1358,553.0,309.0,200.0
1359,556.0,316.0,203.0
1360,556.0,322.0,205.0
1361,556.0,324.0,207.0
1362,554.0,322.0,207.0
1363,549.0,316.0,206.0
1364,542.0,313.0,202.0
1365,534.0,316.0,198.0
1366,534.0,318.0,195.0
1367,539.0,319.0,195.0
1368,544.0,318.0,197.0
1369,548.0,317.0,200.0
1370,551.0,317.0,204.0
1371,552.0,314.0,206.0
1372,545.0,310.0,206.0
1373,547.0,305.0,201.0
1374,552.0,306.0,200.0
1375,555.0,312.0,202.0
1376,556.0,318.0,205.0
1377,557.0,323.0,207.0
1378,555.0,324.0,209.0
1379,552.0,320.0,209.0
1380,548.0,314.0,207.0
1381,538.0,314.0,203.0
1382,533.0,317.0,199.0
1383,536.0,319.0,198.0
1384,541.0,319.0,199.0
1385,545.0,318.0,201.0
1386,549.0,317.0,205.0
1387,551.0,316.0,208.0
1388,551.0,312.0,210.0
1389,544.0,309.0,209.0
1390,548.0,305.0,206.0
1391,552.0,309.0,205.0
1392,556.0,314.0,209.0
1393,556.0,321.0,210.0
1394,556.0,324.0,213.0
1395,554.0,324.0,214.0
1396,550.0,318.0,213.0
1397,545.0,314.0,210.0
1398,535.0,316.0,206.0
1399,534.0,318.0,202.0
1400,538.0,320.0,200.0
1401,543.0,319.0,202.0
1402,547.0,318.0,203.0
1403,551.0,317.0,205.0
1404,552.0,315.0,207.0
1405,548.0,311.0,206.0
1406,545.0,306.0,203.0
1407,550.0,305.0,200.0
1408,555.0,310.0,202.0
1409,556.0,317.0,206.0
1410,557.0,322.0,207.0
1411,556.0,324.0,209.0
1412,554.0,322.0,209.0
1413,550.0,316.0,208.0
1414,542.0,314.0,205.0
1415,533.0,317.0,200.0
1416,535.0,319.0,198.0
1417,540.0,319.0,197.0
1418,544.0,320.0,199.0
1419,549.0,318.0,203.0
1420,552.0,317.0,205.0
1421,552.0,314.0,206.0
1422,545.0,311.0,206.0
1423,547.0,305.0,202.0
1424,551.0,307.0,202.0
1425,555.0,313.0,202.0
1426,557.0,319.0,206.0
1427,557.0,323.0,208.0
1428,555.0,324.0,209.0
1429,552.0,320.0,208.0
1430,547.0,315.0,206.0
1431,537.0,315.0,202.0
1432,533.0,318.0,198.0
1433,537.0,319.0,196.0
1434,542.0,319.0,197.0
1435,546.0,319.0,199.0
1436,550.0,318.0,203.0
1437,552.0,316.0,206.0
1438,551.0,313.0,207.0
1439,544.0,309.0,205.0
1440,549.0,305.0,202.0
1441,553.0,308.0,201.0
1442,556.0,316.0,204.0
1443,558.0,321.0,206.0
1444,557.0,324.0,208.0
1445,554.0,323.0,209.0
1446,551.0,318.0,207.0
1447,544.0,314.0,206.0
1448,535.0,316.0,201.0
1449,534.0,318.0,198.0
1450,538.0,319.0,197.0
1451,543.0,320.0,197.0
1452,548.0,318.0,200.0
1453,551.0,317.0,203.0
1454,552.0,314.0,204.0
1455,548.0,312.0,204.0
1456,546.0,306.0,200.0
1457,550.0,305.0,198.0
1458,555.0,310.0,200.0
1459,556.0,317.0,203.0
1460,557.0,322.0,206.0
1461,555.0,324.0,207.0
1462,554.0,321.0,207.0
1463,549.0,315.0,206.0
1464,540.0,313.0,203.0
1465,534.0,317.0,199.0
1466,535.0,318.0,197.0
1467,540.0,319.0,197.0
1468,544.0,319.0,200.0
1469,549.0,318.0,204.0
1470,551.0,316.0,207.0
1471,552.0,313.0,209.0
1472,545.0,309.0,209.0
1473,547.0,305.0,205.0
1474,551.0,307.0,206.0
1475,556.0,313.0,207.0
1476,556.0,319.0,210.0
1477,556.0,323.0,212.0
1478,555.0,324.0,213.0
1479,552.0,320.0,213.0
1480,547.0,314.0,211.0
1481,537.0,315.0,207.0
1482,533.0,317.0,203.0
1483,537.0,319.0,201.0
1484,542.0,320.0,202.0
1485,546.0,319.0,204.0
1486,550.0,317.0,206.0
1487,552.0,315.0,207.0
1488,550.0,312.0,208.0
1489,544.0,308.0,204.0
1490,548.0,305.0,202.0
1491,553.0,308.0,202.0
1492,556.0,315.0,205.0
1493,557.0,321.0,208.0
1494,556.0,325.0,209.0
1495,554.0,323.0,210.0
1496,550.0,318.0,208.0
1497,544.0,313.0,205.0
1498,535.0,316.0,201.0
1499,535.0,318.0,197.0
1500,539.0,319.0,196.0
1501,543.0,319.0,198.0
1502,547.0,318.0,201.0
1503,551.0,317.0,203.0
1504,553.0,314.0,205.0
1505,547.0,312.0,204.0
1506,546.0,305.0,200.0
1507,550.0,306.0,199.0
1508,555.0,311.0,200.0
1509,556.0,317.0,203.0
1510,557.0,323.0,205.0
1511,555.0,324.0,207.0
1512,553.0,321.0,207.0
1513,549.0,315.0,205.0
1514,540.0,315.0,201.0
1515,533.0,317.0,196.0
1516,535.0,319.0,195.0
1517,540.0,320.0,196.0
1518,545.0,318.0,198.0
1519,549.0,318.0,202.0
1520,551.0,315.0,205.0
1521,552.0,314.0,206.0
1522,544.0,309.0,203.0
1523,548.0,305.0,200.0
1524,551.0,307.0,200.0
1525,555.0,314.0,202.0
1526,556.0,320.0,206.0
1527,557.0,324.0,207.0
1528,554.0,324.0,208.0
1529,551.0,319.0,208.0
1530,546.0,314.0,205.0
1531,536.0,316.0,201.0
1532,533.0,318.0,197.0
1533,537.0,320.0,197.0
1534,542.0,320.0,197.0
1535,546.0,319.0,200.0
1536,550.0,317.0,203.0
1537,552.0,315.0,206.0
1538,550.0,313.0,207.0
1539,544.0,308.0,205.0
1540,548.0,306.0,202.0
1541,553.0,310.0,202.0
1542,556.0,318.0,204.0
1543,557.0,322.0,207.0
1544,557.0,325.0,209.0
1545,553.0,324.0,210.0
1546,550.0,318.0,208.0
1547,543.0,314.0,206.0
1548,534.0,318.0,201.0
1549,533.0,319.0,199.0
1550,538.0,320.0,198.0
1551,544.0,320.0,199.0
1552,548.0,320.0,202.0
1553,551.0,317.0,205.0
1554,552.0,315.0,207.0
1555,547.0,313.0,206.0
1556,546.0,307.0,202.0
1557,550.0,307.0,201.0
1558,554.0,313.0,203.0
1559,557.0,319.0,206.0
1560,556.0,323.0,209.0
1561,555.0,325.0,209.0
1562,552.0,322.0,209.0
1563,548.0,316.0,207.0
1564,539.0,315.0,203.0
1565,533.0,318.0,199.0
1566,536.0,319.0,197.0
1567,540.0,319.0,197.0
1568,545.0,319.0,200.0
1569,549.0,319.0,204.0
1570,551.0,316.0,207.0
1571,552.0,313.0,210.0
1572,544.0,310.0,209.0
1573,547.0,306.0,206.0
1574,552.0,308.0,204.0
1575,555.0,315.0,207.0
1576,557.0,321.0,208.0
1577,556.0,325.0,212.0
1578,554.0,325.0,212.0
1579,551.0,320.0,212.0
1580,546.0,315.0,209.0
1581,536.0,317.0,206.0
1582,533.0,319.0,201.0
1583,537.0,320.0,199.0
1584,542.0,321.0,199.0
1585,546.0,319.0,201.0
1586,550.0,318.0,204.0
1587,552.0,316.0,207.0
1588,549.0,313.0,209.0
1589,544.0,308.0,206.0
1590,549.0,306.0,203.0
1591,554.0,311.0,204.0
1592,556.0,318.0,206.0
1593,557.0,323.0,209.0
1594,556.0,326.0,211.0
1595,554.0,325.0,213.0
1596,550.0,318.0,210.0
1597,542.0,316.0,207.0
1598,534.0,319.0,203.0
1599,534.0,320.0,200.0
1600,539.0,322.0,200.0
1601,543.0,321.0,201.0
1602,548.0,320.0,204.0
1603,552.0,319.0,208.0
1604,552.0,316.0,209.0
1605,546.0,313.0,209.0
1606,547.0,308.0,205.0
1607,551.0,308.0,204.0
1608,555.0,313.0,206.0
1609,556.0,320.0,208.0
1610,557.0,325.0,211.0
1611,555.0,326.0,212.0
1612,552.0,322.0,212.0
1613,548.0,318.0,211.0
1614,539.0,316.0,206.0
1615,533.0,319.0,203.0
1616,536.0,320.0,200.0
1617,541.0,322.0,202.0
1618,545.0,321.0,203.0
1619,550.0,319.0,205.0
1620,553.0,318.0,207.0
1621,552.0,315.0,207.0
1622,544.0,312.0,203.0
1623,548.0,307.0,201.0
1624,552.0,309.0,201.0
1625,556.0,316.0,204.0
1626,557.0,321.0,207.0
1627,556.0,325.0,209.0
1628,554.0,325.0,209.0
1629,552.0,321.0,208.0
1630,546.0,315.0,205.0
1631,536.0,316.0,201.0
1632,534.0,319.0,198.0
1633,538.0,320.0,197.0
1634,542.0,319.0,198.0
1635,547.0,319.0,201.0
1636,550.0,317.0,204.0
1637,552.0,315.0,205.0
1638,549.0,312.0,205.0
1639,545.0,307.0,201.0
1640,549.0,306.0,199.0
1641,554.0,311.0,200.0
1642,557.0,317.0,203.0
1643,557.0,322.0,206.0
1644,556.0,325.0,208.0
1645,553.0,323.0,208.0
1646,550.0,317.0,206.0
1647,542.0,315.0,202.0
1648,534.0,317.0,199.0
1649,535.0,320.0,196.0
1650,540.0,320.0,196.0
1651,545.0,320.0,197.0
1652,549.0,319.0,201.0
1653,552.0,318.0,204.0
1654,552.0,314.0,204.0
1655,546.0,311.0,203.0
1656,547.0,306.0,199.0
1657,552.0,307.0,199.0
1658,556.0,313.0,201.0
1659,557.0,320.0,203.0
1660,557.0,324.0,205.0
1661,555.0,325.0,207.0
1662,553.0,322.0,206.0
1663,548.0,316.0,205.0
1664,538.0,315.0,200.0
1665,533.0,318.0,196.0
1666,536.0,319.0,195.0
1667,541.0,320.0,196.0
1668,545.0,320.0,198.0
1669,550.0,318.0,201.0
1670,552.0,316.0,204.0
1671,551.0,313.0,205.0
1672,545.0,309.0,204.0
1673,548.0,306.0,201.0
1674,553.0,309.0,200.0
1675,556.0,315.0,202.0
1676,557.0,321.0,205.0
1677,556.0,325.0,207.0
1678,554.0,325.0,208.0
1679,551.0,319.0,207.0
1680,545.0,315.0,204.0
1681,535.0,317.0,200.0
1682,533.0,319.0,197.0
1683,538.0,320.0,197.0
1684,542.0,320.0,199.0
1685,547.0,319.0,201.0
1686,551.0,318.0,205.0
1687,552.0,315.0,206.0
1688,549.0,313.0,205.0
1689,545.0,308.0,202.0
1690,549.0,307.0,200.0
1691,554.0,311.0,202.0
1692,556.0,318.0,205.0
1693,557.0,323.0,206.0
1694,556.0,326.0,209.0
1695,553.0,323.0,208.0
1696,549.0,317.0,207.0
1697,541.0,315.0,203.0
1698,534.0,318.0,199.0
1699,535.0,319.0,197.0
1700,540.0,320.0,197.0
1701,544.0,320.0,199.0
1702,549.0,319.0,202.0
1703,552.0,317.0,204.0
1704,553.0,315.0,205.0
1705,546.0,312.0,204.0
1706,547.0,306.0,201.0
1707,551.0,308.0,200.0
1708,556.0,313.0,201.0
1709,557.0,320.0,204.0
1710,557.0,325.0,206.0
1711,555.0,326.0,208.0
1712,552.0,321.0,208.0
1713,548.0,316.0,205.0
1714,537.0,315.0,201.0
1715,533.0,318.0,197.0
1716,537.0,320.0,195.0
1717,542.0,320.0,196.0
1718,546.0,319.0,198.0
1719,550.0,318.0,202.0
1720,552.0,316.0,204.0
1721,552.0,314.0,205.0
1722,545.0,309.0,204.0
1723,548.0,306.0,200.0
1724,553.0,309.0,201.0
1725,556.0,316.0,203.0
1726,558.0,322.0,206.0
1727,556.0,325.0,208.0
1728,555.0,324.0,209.0
1729,550.0,319.0,208.0
1730,545.0,315.0,205.0
1731,535.0,316.0,201.0
1732,534.0,319.0,198.0
1733,539.0,320.0,197.0
1734,543.0,320.0,199.0
1735,547.0,319.0,202.0
1736,551.0,317.0,204.0
1737,552.0,315.0,206.0
1738,548.0,312.0,205.0
1739,546.0,307.0,202.0
1740,550.0,307.0,201.0
1741,554.0,312.0,201.0
1742,557.0,318.0,205.0
1743,558.0,323.0,207.0
1744,556.0,325.0,208.0
1745,553.0,323.0,208.0
1746,550.0,317.0,207.0
1747,540.0,314.0,203.0
1748,534.0,318.0,200.0
1749,536.0,320.0,198.0
1750,541.0,320.0,197.0
1751,545.0,320.0,200.0
1752,549.0,319.0,202.0
1753,552.0,317.0,204.0
1754,553.0,315.0,205.0
1755,545.0,311.0,203.0
1756,547.0,306.0,200.0
1757,552.0,308.0,200.0
1758,555.0,314.0,202.0
1759,558.0,321.0,206.0
1760,557.0,324.0,207.0
1761,555.0,325.0,208.0
1762,552.0,321.0,208.0
1763,547.0,316.0,206.0
1764,537.0,316.0,202.0
1765,533.0,319.0,198.0
1766,537.0,320.0,197.0
1767,542.0,321.0,198.0
1768,546.0,320.0,202.0
1769,550.0,319.0,207.0
1770,552.0,317.0,210.0
1771,552.0,314.0,212.0
1772,545.0,310.0,210.0
1773,549.0,307.0,207.0
1774,553.0,311.0,207.0
1775,557.0,317.0,209.0
1776,557.0,323.0,213.0
1777,557.0,326.0,214.0
1778,554.0,325.0,215.0
1779,551.0,320.0,214.0
1780,543.0,316.0,210.0
1781,536.0,318.0,206.0
1782,534.0,320.0,202.0
1783,539.0,321.0,201.0
1784,543.0,322.0,203.0
1785,548.0,321.0,205.0
1786,551.0,319.0,207.0
1787,553.0,317.0,208.0
1788,547.0,313.0,207.0
1789,546.0,308.0,204.0
1790,550.0,308.0,202.0
1791,555.0,313.0,204.0
1792,557.0,319.0,206.0
1793,557.0,325.0,209.0
1794,556.0,326.0,211.0
1795,553.0,324.0,211.0
1796,549.0,318.0,209.0
1797,540.0,316.0,205.0
1798,534.0,320.0,200.0
1799,536.0,321.0,198.0
1800,540.0,321.0,197.0
1801,545.0,321.0,198.0
1802,549.0,320.0,202.0
1803,552.0,318.0,206.0
1804,553.0,316.0,209.0
1805,545.0,312.0,208.0
1806,547.0,308.0,204.0
1807,552.0,310.0,203.0
1808,555.0,316.0,205.0
1809,557.0,322.0,208.0
1810,557.0,326.0,211.0
1811,555.0,326.0,212.0
1812,552.0,322.0,212.0
1813,547.0,317.0,209.0
1814,536.0,318.0,205.0
1815,533.0,320.0,201.0
1816,537.0,321.0,200.0
1817,543.0,322.0,201.0
1818,546.0,321.0,203.0
1819,550.0,319.0,205.0
1820,552.0,317.0,206.0
1821,550.0,315.0,206.0
1822,545.0,310.0,202.0
1823,549.0,307.0,202.0
1824,553.0,312.0,202.0
1825,556.0,319.0,206.0
1826,557.0,323.0,208.0
1827,556.0,327.0,210.0
1828,554.0,326.0,209.0
1829,550.0,319.0,209.0
1830,543.0,317.0,205.0
1831,535.0,318.0,200.0
1832,534.0,321.0,198.0
1833,540.0,321.0,197.0
1834,543.0,321.0,200.0
1835,549.0,320.0,202.0
1836,551.0,319.0,206.0
1837,552.0,317.0,209.0
1838,546.0,313.0,210.0
1839,546.0,308.0,208.0
1840,551.0,308.0,204.0
1841,555.0,313.0,205.0
1842,556.0,319.0,208.0
1843,557.0,325.0,211.0
1844,556.0,326.0,212.0
1845,552.0,323.0,212.0
1846,549.0,317.0,210.0
1847,539.0,316.0,207.0
1848,533.0,319.0,203.0
1849,536.0,320.0,200.0
1850,541.0,321.0,199.0
1851,545.0,321.0,202.0
1852,549.0,320.0,205.0
1853,552.0,317.0,207.0
1854,552.0,315.0,208.0
1855,545.0,311.0,205.0
1856,548.0,307.0,203.0
1857,552.0,309.0,202.0
1858,556.0,315.0,205.0
1859,558.0,321.0,208.0
1860,556.0,325.0,211.0
1861,555.0,325.0,212.0
1862,552.0,321.0,210.0
1863,546.0,315.0,208.0
1864,536.0,317.0,204.0
1865,533.0,319.0,200.0
1866,537.0,320.0,198.0
1867,542.0,321.0,200.0
1868,547.0,320.0,202.0
1869,550.0,318.0,207.0
1870,553.0,317.0,210.0
1871,549.0,313.0,210.0
1872,545.0,309.0,208.0
1873,549.0,307.0,205.0
1874,553.0,310.0,206.0
1875,556.0,317.0,208.0
1876,557.0,323.0,211.0
1877,556.0,326.0,213.0
1878,554.0,324.0,213.0
1879,550.0,318.0,212.0
1880,542.0,315.0,208.0
1881,534.0,318.0,205.0
1882,534.0,320.0,201.0
1883,539.0,320.0,200.0
1884,543.0,320.0,201.0
1885,548.0,319.0,204.0
1886,552.0,319.0,207.0
1887,552.0,316.0,209.0
1888,546.0,313.0,207.0
1889,547.0,307.0,202.0
1890,551.0,308.0,202.0
1891,555.0,313.0,205.0
1892,557.0,319.0,207.0
1893,557.0,324.0,210.0
1894,555.0,325.0,211.0
1895,552.0,322.0,211.0
1896,549.0,316.0,209.0
1897,538.0,315.0,206.0
1898,533.0,318.0,201.0
1899,536.0,319.0,200.0
1900,540.0,320.0,201.0
1901,545.0,319.0,204.0
1902,549.0,319.0,208.0
1903,551.0,316.0,211.0
1904,551.0,314.0,212.0
1905,544.0,310.0,212.0
1906,548.0,307.0,208.0
1907,552.0,308.0,207.0
1908,556.0,316.0,210.0
1909,557.0,321.0,213.0
1910,556.0,325.0,214.0
1911,554.0,325.0,215.0
1912,551.0,320.0,214.0
1913,545.0,315.0,212.0
1914,536.0,317.0,208.0
1915,534.0,320.0,204.0
1916,538.0,321.0,203.0
1917,542.0,320.0,203.0
1918,547.0,319.0,205.0
1919,551.0,319.0,208.0
1920,552.0,316.0,209.0
1921,549.0,313.0,209.0
1922,545.0,308.0,206.0
1923,549.0,307.0,204.0
1924,554.0,310.0,204.0
1925,556.0,318.0,207.0
1926,557.0,323.0,210.0
1927,556.0,325.0,212.0
1928,553.0,324.0,212.0
1929,549.0,317.0,211.0
1930,542.0,315.0,207.0
1931,533.0,318.0,203.0
1932,534.0,319.0,201.0
1933,539.0,321.0,199.0
1934,544.0,320.0,201.0
1935,548.0,320.0,204.0
1936,551.0,317.0,206.0
1937,552.0,315.0,208.0
1938,545.0,311.0,207.0
1939,546.0,306.0,203.0
1940,551.0,308.0,202.0
1941,555.0,314.0,204.0
1942,556.0,321.0,207.0
1943,557.0,325.0,209.0
1944,555.0,326.0,211.0
1945,552.0,322.0,211.0
1946,548.0,316.0,208.0
1947,538.0,317.0,205.0
1948,532.0,319.0,201.0
1949,536.0,320.0,199.0
1950,541.0,321.0,200.0
1951,546.0,321.0,202.0
1952,549.0,319.0,205.0
1953,551.0,317.0,209.0
1954,551.0,315.0,209.0
1955,544.0,311.0,208.0
1956,548.0,307.0,205.0
1957,553.0,310.0,204.0
1958,556.0,316.0,206.0
1959,557.0,323.0,209.0
1960,556.0,326.0,210.0
1961,554.0,325.0,212.0
1962,550.0,320.0,211.0
1963,545.0,316.0,207.0
1964,535.0,319.0,204.0
1965,533.0,320.0,201.0
1966,538.0,322.0,199.0
1967,543.0,321.0,200.0
1968,547.0,321.0,202.0
1969,550.0,319.0,205.0
1970,552.0,317.0,208.0
1971,549.0,315.0,208.0
1972,545.0,309.0,204.0
1973,549.0,308.0,203.0
1974,554.0,313.0,203.0
1975,557.0,320.0,206.0
1976,557.0,324.0,209.0
1977,556.0,327.0,211.0
1978,553.0,324.0,211.0
1979,550.0,319.0,209.0
1980,541.0,317.0,206.0
1981,534.0,320.0,203.0
1982,535.0,321.0,200.0
1983,539.0,321.0,200.0
1984,544.0,321.0,202.0
1985,548.0,320.0,204.0
1986,552.0,319.0,206.0
1987,552.0,317.0,206.0
1988,545.0,313.0,203.0
1989,547.0,308.0,200.0
1990,551.0,309.0,199.0
1991,555.0,315.0,202.0
1992,557.0,321.0,204.0
1993,556.0,326.0,207.0
1994,555.0,326.0,207.0
1995,552.0,323.0,208.0
1996,547.0,316.0,204.0
1997,537.0,317.0,199.0
1998,533.0,320.0,197.0
1999,537.0,321.0,195.0
2000,541.0,321.0,196.0
2001,546.0,321.0,200.0
2002,550.0,319.0,202.0
2003,552.0,318.0,206.0
2004,552.0,315.0,206.0
2005,544.0,311.0,203.0
2006,548.0,307.0,200.0
2007,552.0,311.0,200.0
2008,556.0,317.0,203.0
2009,557.0,323.0,205.0
2010,556.0,327.0,207.0
2011,554.0,326.0,208.0
2012,551.0,320.0,207.0
2013,544.0,316.0,203.0
2014,535.0,318.0,200.0
2015,533.0,320.0,196.0
2016,538.0,322.0,195.0
2017,543.0,322.0,197.0
2018,547.0,321.0,200.0
2019,551.0,319.0,205.0
2020,552.0,317.0,207.0
2021,548.0,314.0,208.0
2022,545.0,309.0,205.0
2023,550.0,308.0,203.0
2024,554.0,313.0,203.0
2025,556.0,319.0,207.0
2026,556.0,325.0,210.0
2027,555.0,326.0,212.0
2028,553.0,324.0,212.0
2029,549.0,318.0,211.0
2030,540.0,315.0,207.0
2031,533.0,318.0,203.0
2032,535.0,320.0,201.0
2033,539.0,320.0,200.0
2034,544.0,320.0,202.0
2035,549.0,320.0,204.0
2036,551.0,317.0,205.0
2037,552.0,316.0,207.0
2038,544.0,311.0,205.0
2039,547.0,307.0,202.0
2040,551.0,308.0,202.0
2041,556.0,314.0,204.0
2042,556.0,320.0,207.0
2043,556.0,326.0,209.0
2044,555.0,326.0,210.0
2045,551.0,321.0,210.0
2046,547.0,316.0,207.0
2047,537.0,316.0,202.0
2048,533.0,319.0,199.0
2049,538.0,320.0,198.0
2050,542.0,321.0,199.0
2051,546.0,320.0,201.0
2052,550.0,318.0,205.0
2053,553.0,316.0,209.0
2054,551.0,313.0,211.0
2055,544.0,309.0,209.0
2056,548.0,306.0,205.0
2057,553.0,309.0,206.0
